{"cameraMode":{"drawMode":0,"name":"Shaded","section":"Shading Mode"},"sceneLighting":true,"audioPlay":false,"sceneViewState":{"m_AlwaysRefresh":false,"showFog":true,"showSkybox":true,"showFlares":true,"showImageEffects":true,"showParticleSystems":true,"showVisualEffectGraphs":true,"m_FxEnabled":true},"in2DMode":false,"pivot":{"x":48.64617919921875,"y":-8.781700134277344,"z":144.90188598632813},"rotation":{"x":-0.1382921040058136,"y":-0.048420194536447528,"z":0.006762437988072634,"w":-0.989223301410675},"size":150.33973693847657,"orthographic":false}