{"cameraMode":{"drawMode":0,"name":"Shaded","section":"Shading Mode"},"sceneLighting":true,"audioPlay":false,"sceneViewState":{"m_AlwaysRefresh":false,"showFog":true,"showSkybox":true,"showFlares":true,"showImageEffects":true,"showParticleSystems":true,"showVisualEffectGraphs":true,"m_FxEnabled":true},"in2DMode":false,"pivot":{"x":48.58007049560547,"y":2.6614272594451906,"z":41.57106018066406},"rotation":{"x":0.022150428965687753,"y":0.9474139213562012,"z":-0.06719595938920975,"w":0.3121764659881592},"size":19.751638412475587,"orthographic":false}